{
  "minecraft:recipes/decorations/crafting_table": {
    "criteria": {
      "unlock_right_away": "2024-11-22 17:21:53 +0000"
    },
    "done": true
  },
  "mowziesmobs:root": {
    "criteria": {
      "custom_test_name": "2024-11-22 17:21:53 +0000"
    },
    "done": true
  },
  "betterend:root": {
    "criteria": {
      "welcome": "2024-11-22 17:21:55 +0000"
    },
    "done": true
  },
  "vs_eureka:recipes/balloon_color": {
    "criteria": {
      "has_red_balloon": "2024-11-22 17:21:53 +0000",
      "has_black_balloon": "2024-11-22 17:21:53 +0000",
      "has_lime_balloon": "2024-11-22 17:21:53 +0000",
      "has_cyan_balloon": "2024-11-22 17:21:53 +0000",
      "has_light_blue_balloon": "2024-11-22 17:21:53 +0000",
      "has_gray_balloon": "2024-11-22 17:21:53 +0000",
      "has_pink_balloon": "2024-11-22 17:21:53 +0000",
      "has_light_gray_balloon": "2024-11-22 17:21:53 +0000",
      "has_white_balloon": "2024-11-22 17:21:53 +0000",
      "has_blue_balloon": "2024-11-22 17:21:53 +0000",
      "has_yellow_balloon": "2024-11-22 17:21:53 +0000",
      "has_purple_balloon": "2024-11-22 17:21:53 +0000",
      "has_orange_balloon": "2024-11-22 17:21:53 +0000",
      "has_brown_balloon": "2024-11-22 17:21:53 +0000",
      "has_green_balloon": "2024-11-22 17:21:53 +0000",
      "has_magenta_balloon": "2024-11-22 17:21:53 +0000"
    },
    "done": true
  },
  "vs_eureka:recipes/balloon_leather": {
    "criteria": {
      "has_leather": "2024-11-22 17:21:53 +0000"
    },
    "done": true
  },
  "vs_eureka:recipes/ship_helm": {
    "criteria": {
      "has_gold": "2024-11-22 17:21:53 +0000"
    },
    "done": true
  },
  "betterdungeons:root": {
    "criteria": {
      "always": "2024-11-22 17:21:53 +0000"
    },
    "done": true
  },
  "vs_eureka:recipes/balloon_paper": {
    "criteria": {
      "has_paper": "2024-11-22 17:21:53 +0000"
    },
    "done": true
  },
  "vs_eureka:recipes/balloon_membrane": {
    "criteria": {
      "has_membrane": "2024-11-22 17:21:53 +0000"
    },
    "done": true
  },
  "betterdeserttemples:root": {
    "criteria": {
      "always": "2024-11-22 17:21:53 +0000"
    },
    "done": true
  },
  "cataclysm:root": {
    "criteria": {
      "custom_test_name": "2024-11-22 17:21:53 +0000"
    },
    "done": true
  },
  "yungscavebiomes:root": {
    "criteria": {
      "always": "2024-11-22 17:21:53 +0000"
    },
    "done": true
  },
  "minecraft:adventure/adventuring_time": {
    "criteria": {
      "minecraft:beach": "2024-11-22 17:22:12 +0000",
      "minecraft:jungle": "2024-11-22 17:21:55 +0000"
    },
    "done": false
  },
  "DataVersion": 3465
}